{"balance": 439.1771542500053, "balance_per_second": 94.33439362499998, "click_rate": 3, "pig_cost": 201.13571874999994, "pig_owned": 5, "upgrade_2_cost": 1909.0, "upgrade_2_owned": 5, "upgrade_3_cost": 3050.0, "upgrade_3_owned": 1, "upgrade_4_cost": 15000.0, "upgrade_4_owned": 0, "upgrade_5_cost": 100000.0, "upgrade_5_owned": 0, "upgrade_6_cost": 500000.0, "upgrade_6_owned": 0, "upgrade_7_cost": 2500000.0, "upgrade_7_owned": 0}