{"balance": 3.6889127096779726, "balance_per_second": 5.633987135862466e+38, "click_rate": 146631188062591801366624173740415173072495304561513740950740222475832647707406869295847855441022097282198320687201278566780911927076215688706278533332810647657025916456853565963606022458772371334374604842146535667076764434466496428110636989985148391915520, "click_multiplier": 7331559403129590068331208687020758653624765228075687047537011123791632385370343464792392772051104864109916034360063928339045596353810784435313926666640532382851295822842678298180301122938618566718730242107326783353838221723324821405531849499257419595776, "total_clicks": 1004, "upgrade_1_cost": 4.878839508635005e+219, "upgrade_1_owned": 3600, "upgrade_1_multiplier": 1, "upgrade_1_current_bps": 8.258997190606838e+33, "upgrade_2_owned": 4037, "upgrade_2_cost": 1.0893852921172065e+247, "upgrade_2_current_bps": 41335550772242104324004498120903626, "upgrade_2_multiplier": 1, "upgrade_3_cost": 5.097027274419906e+248, "upgrade_3_owned": 4053, "upgrade_3_multiplier": 1, "upgrade_3_current_bps": 329710850516961554411686516905500392, "upgrade_4_cost": 4.044491142252195e+249, "upgrade_4_owned": 4055, "upgrade_4_multiplier": 1, "upgrade_4_current_bps": 911897135780179102260668417819337980, "upgrade_5_cost": 2.1761918472954643e+251, "upgrade_5_owned": 4072, "upgrade_5_multiplier": 1, "upgrade_5_current_bps": 3306844061779368345920359849672292880, "upgrade_6_cost": 3.859142385013297e+252, "upgrade_6_owned": 4079, "upgrade_6_multiplier": 1, "upgrade_6_current_bps": 1520000, "upgrade_7_cost": 5.523431535881507e+254, "upgrade_7_owned": 4103, "upgrade_7_multiplier": 1, "upgrade_7_current_bps": 125588680265811143265081379963020285000, "upgrade_8_cost": 5.5547968596797135e+255, "upgrade_8_owned": 4108, "upgrade_8_multiplier": 1, "upgrade_8_current_bps": 412138563146201943014608146131876040000}